793UXnCJAL	https://pikaso.cdnpk.net/private/production/5272402124/render.png?token=exp=1787961600~hmac=e44282eafd3f69a942b69d1c15d6cfff8a21efe5f61b77e9b942908837797995
ovEXUgA829	https://pikaso.cdnpk.net/private/production/5272409869/render.png?token=exp=1787961600~hmac=0e06bd6244d7f3cd438cfdabfcfe6df7a759891909de302dcba0dda92e01186a
CqkaNG5EEy	https://pikaso.cdnpk.net/private/production/5272391023/render.png?token=exp=1787961600~hmac=32e082e3e6ce118fab254e72da304f33b45d5b6640931fcfed6c8fa300f1928d
BhCdJfToQR	https://pikaso.cdnpk.net/private/production/5272421142/render.png?token=exp=1787961600~hmac=10ebc2559dddbc0f6c740f0e6bf54b049baabbb620159aab278e95410bea4b49
793UInhJAL	https://pikaso.cdnpk.net/private/production/5272428187/render.png?token=exp=1787961600~hmac=727e589017a319b0eecaee0adc820bacba1ad29cd3941b83df073c78196d7a00
mEHI9OphJQ	https://pikaso.cdnpk.net/private/production/5272420098/render.png?token=exp=1787961600~hmac=0800140fb4b16d4d44d9b910b086d1bbc643a45e0286504a8707d2bdce033647
lJ4Ld18gv9	https://pikaso.cdnpk.net/private/production/5272431303/render.png?token=exp=1787961600~hmac=9b2f57f0208fe4ec0862eb73c297b54e09e6a9eb37f987b747fc78c87d2f6e1a
jUOrpwRLD0	https://pikaso.cdnpk.net/private/production/5272425012/render.png?token=exp=1787961600~hmac=1638b05d2b14539a91cffff199784473ab55076aec3d6f42cc1a81f09468fc64
P3AOaWX42C	https://pikaso.cdnpk.net/private/production/5272435812/render.png?token=exp=1787961600~hmac=749ac69b0567b39f30b2dc6a8b4bd68e14370e90f9454c506d580e42de44109f
p8hMUV5ehw	https://pikaso.cdnpk.net/private/production/5272440547/render.png?token=exp=1787961600~hmac=7b43f8edc4a565bcfb7c2b9b080104f1bc57dc8966efe1e93fbd1833fe60bfa7
5jgq0sgKxe	https://pikaso.cdnpk.net/private/production/5272443099/render.png?token=exp=1787961600~hmac=d4d7d3b4f3510cd4fbdc31e2f7e4fc959375c5d8751208766e653bbd1c3b9e3f
gO9soABSXO	https://pikaso.cdnpk.net/private/production/5272446136/render.png?token=exp=1787961600~hmac=8c25e6fba7fee6a216cf4c2abb7f09bda9b4192dbe32a6dc305f7a5950c990d1
aF5hRaOfSh	https://pikaso.cdnpk.net/private/production/5272449275/render.png?token=exp=1787961600~hmac=2f522a4092b5951af8cc250d16c7d75cf067d5a26dd50ff960d96438d1d3520a
JNRwv2DOq4	https://pikaso.cdnpk.net/private/production/5272454367/render.png?token=exp=1787961600~hmac=08d4a9e56d92418cab5874a094c799961d5da7320e58ec338e0913ce02e35697
rg7kpRmxtc	https://pikaso.cdnpk.net/private/production/5272442195/render.png?token=exp=1787961600~hmac=2a0cea375f652576b5fc62d11853af14ed7ffee9d4a5707c5783c64cafa69069
gO9s8b7SXO	https://pikaso.cdnpk.net/private/production/5272461195/render.png?token=exp=1787961600~hmac=f6efcf55dfca08809fc1b73b9f6afb65b0c8fe3082347ab3fb38da50d5bd2e8f
Td8cSMXVNR	https://pikaso.cdnpk.net/private/production/5272459502/render.png?token=exp=1787961600~hmac=f8fd3b30ad2d9ad12ae895752cbdb8e776e9581ab60058843fec860adc6b99f4
MBtTwmEDCm	https://pikaso.cdnpk.net/private/production/5272453952/render.png?token=exp=1787961600~hmac=447253daed33bb8f89b89e8fc32bd87701847cff96fd99d162a36bbec770a1a7
ovEX9zp829	https://pikaso.cdnpk.net/private/production/5272457804/render.png?token=exp=1787961600~hmac=645190db52f618f92436df8c5a1d5ac753a4107ebe8822e599f4198ada33f15b
ksU5DMd16B	https://pikaso.cdnpk.net/private/production/5272465626/render.png?token=exp=1787961600~hmac=1d05fa0be1b98c17af40c07b1061d0e1ae8261c3626b4a0980a3f072b50e0781
