IfQeoEztvE	https://pikaso.cdnpk.net/private/production/5270820294/render.png?token=exp=1787961600~hmac=d13500b39f9feb7b2061f62c56a96a840ebe281868042653ca8db53229b5c30a
jUOKSKILD0	https://pikaso.cdnpk.net/private/production/5270868509/render.png?token=exp=1787961600~hmac=855ec4aac92aa76c35791587e003c94659c339448dd398c80f2b36e80fd98e42
WDXADoIcXe	https://pikaso.cdnpk.net/private/production/5270871935/render.png?token=exp=1787961600~hmac=801e044e79b89572cc2f8e2731621e2062fbef18ba6c7553f091c175b933988e
dtaVt4tXSL	https://pikaso.cdnpk.net/private/production/5270875169/render.png?token=exp=1787961600~hmac=27f7509d1039dac1dd3e72a778773735b385867557fbc6b76d6b181b41ee014f
Eb1hbXBuuO	https://pikaso.cdnpk.net/private/production/5270877979/render.png?token=exp=1787961600~hmac=68e10d47d1de3ebfba29ed0e98fb0314aee3a1a9d2757fe76b137d98fcb3e30e
iGWPzZl3uK	https://pikaso.cdnpk.net/private/production/5270877000/render.png?token=exp=1787961600~hmac=b69f62df8138ba03e8174f489f584a30fa32cf9da6e7b0fb1d667318fcb8310b
rg7bS9sxtc	https://pikaso.cdnpk.net/private/production/5270880277/render.png?token=exp=1787961600~hmac=6ff104637286bf537696ffc1994cfeb5c435cfabb3c792f19d3b581bc8a3c776
O6ZS3Yaynm	https://pikaso.cdnpk.net/private/production/5270884207/render.png?token=exp=1787961600~hmac=cc04f40be16edfe274c2e0ff0ab20ce877b7eaba0b7bf427940659b69dd58ded
SyNj4VoUb8	https://pikaso.cdnpk.net/private/production/5270886200/render.png?token=exp=1787961600~hmac=bc65037f8a6c8ee9fdf8fe32718e96c6e6a1892197cadb6cd499edd9a35e5c82
jUO5rWJLD0	https://pikaso.cdnpk.net/private/production/5270824398/render.png?token=exp=1787961600~hmac=c654059f170259ddc0f5c610bff41ac53b888fab4546ba083945a78e6ea50826
SyNxlIkUb8	https://pikaso.cdnpk.net/private/production/5270821523/render.png?token=exp=1787961600~hmac=74ce0ee85e02af4c59aef398ef19bfcab54e77a4a98df0fcbbdea7d4795aa05a
WDX2nNzcXe	https://pikaso.cdnpk.net/private/production/5270826748/render.png?token=exp=1787961600~hmac=5417abe7aadffcfebe81f476cdf1819b89a2ae12c389aed9b91ba249cbd0a179
Td8nBwBVNR	https://pikaso.cdnpk.net/private/production/5270898452/render.png?token=exp=1787961600~hmac=495e977229c0a0d5efe0e6311fde762718ed612c544c18258fbeb0b3cd6c62bf
xSJ5wuJjfW	https://pikaso.cdnpk.net/private/production/5270902811/render.png?token=exp=1787961600~hmac=61e05b08da5bd7bcf006bc0a0f0c745a29216229b8e2eb4b70951a4ccf7aa51d
tCFXQv8mZJ	https://pikaso.cdnpk.net/private/production/5270907460/render.png?token=exp=1787961600~hmac=356fba832c3dbc712c0cdfc160da6e444051f84cf05408e85175b3de78489a2e
gO9x4RkSXO	https://pikaso.cdnpk.net/private/production/5270906872/render.png?token=exp=1787961600~hmac=b90981faa06d26f249124b331da23732aabafb820de9171ba9e0b07f137eda7d
MBtWtXSDCm	https://pikaso.cdnpk.net/private/production/5270908052/render.png?token=exp=1787961600~hmac=6bb41a4d444c6908dd4d4d25ad02c0d25a832e9404f832d56e8a0ec9d2661460
vQb8bgEa47	https://pikaso.cdnpk.net/private/production/5270913835/render.png?token=exp=1787961600~hmac=b873c1e8db1331ac7c94203514874cc562948c3f12c3c92404d7f345d0a877dd
UP6L6IDwny	https://pikaso.cdnpk.net/private/production/5270912407/render.png?token=exp=1787961600~hmac=a4bbdf3ad80c5bfe502e1d50117ed6d7d0ac32acdd9f459dc7a457587cc5edc1
xSJ5JCSjfW	https://pikaso.cdnpk.net/private/production/5270916208/render.png?token=exp=1787961600~hmac=ab6bed56037244600076265dd09dd575947979b83a3a2eed42a1644a830a2bf4
jUOKyEWLD0	https://pikaso.cdnpk.net/private/production/5270929880/render.png?token=exp=1787961600~hmac=3be90a3a4d4e71911122069a1350c68adf245a96ff50399ca6b6cf9791aaf9da
4RG7zyr9Aa	https://pikaso.cdnpk.net/private/production/5270939384/render.png?token=exp=1787961600~hmac=013471a0532b3241263be8d30a3320536c93196520d519359886fbb366a6a504
s7P1990l8e	https://pikaso.cdnpk.net/private/production/5270939171/render.png?token=exp=1787961600~hmac=9d4512cb0ae12f78d2fb72d1b0546737fb62bd0df58176751d0727e19dd03ccf
s7P19WUl8e	https://pikaso.cdnpk.net/private/production/5270940784/render.png?token=exp=1787961600~hmac=1d9a165151b89b8d1a8978c2bd1da5b5265e96cf734f4a1ef809357b6c5ea888
lJ4rNtIgv9	https://pikaso.cdnpk.net/private/production/5270940025/render.png?token=exp=1787961600~hmac=b485b6ceac28b55fa2124703e55b3fa595c2c27c6a34c359e61bec9aecc64937
VXIYm2zMMU	https://pikaso.cdnpk.net/private/production/5270945021/render.png?token=exp=1787961600~hmac=750eac0826a72e8da21b03c3b1dde9c39dbd5d42fa82c4899e24b4decb19c960
gO9xihiSXO	https://pikaso.cdnpk.net/private/production/5270944534/render.png?token=exp=1787961600~hmac=3810764a37025601e35b99d104528e6287a4c6c762ba44ce3c08ba405c341f74
dtaVEnfXSL	https://pikaso.cdnpk.net/private/production/5270949826/render.png?token=exp=1787961600~hmac=1c357951010355a72f84061d85f4880f25c5c18e46bb72142bcd152629f44a2c
lJ4riUlgv9	https://pikaso.cdnpk.net/private/production/5270961851/render.png?token=exp=1787961600~hmac=39f7c06c5843934da67e602640d688aa8257b82898b7cd24c655cfc6d3d3c314
4RG7WWy9Aa	https://pikaso.cdnpk.net/private/production/5270971242/render.png?token=exp=1787961600~hmac=d36aaf164b01b396220029795b8ea0104d056ab8d948b85c5fe64d75b586d2b7
